ğŸŒ Good morning!,â˜€ï¸ Afternoon greetings!,ğŸŒ™ Good night and sweet dreams!,
â˜€ï¸ Rise and shine!,ğŸ‘‹ Hi there it's the afternoon!,ğŸŒƒ Nighty night take care!,
ğŸŒ… Hello and happy morning!,ğŸ‰ Happy afternoon!,ğŸŒŸ Wishing you a peaceful night and a bright tomorrow!,
ğŸ³ Wakey wakey eggs and bakey!,ğŸ¤— Hello, hope your afternoon is going well!,ğŸ˜´ Rest well and recharge for a new day!,
ğŸŒˆ Good morning and welcome to a new day!,ğŸ’ª Wishing you a productive afternoon!,ğŸ˜´ Rest well and recharge for a new day!,
ğŸŒ» A very good morning to you!,ğŸ’¤ Take care and have a relaxing evening!,ğŸ˜´ Rest well and recharge for a new day!,
ğŸ‘‹ Greetings and salutations!,ğŸŒ¤ï¸ Good afternoon hope you're enjoying the day!,ğŸ’¤ Take care and have a relaxing evening!,
ğŸ‘‹ Greetings and salutations!,ğŸŒ… Hi how's your afternoon going so far?,ğŸ›Œ Hope you have a comfortable and peaceful night.,
ğŸŒâ˜•ï¸ Good day and coffee to you!,ğŸµ Afternoon tea time anyone?,ğŸŒ› Enjoy the stillness of the night and have a good rest!,
ğŸŒ„ Top of the morning to you!,ğŸ˜€ Good Afternoon!,ğŸŒ  Sweet dreams and good night to you!,
